"Benchmark","Mode","Threads","Samples","Score","Score Error (99.9%)","Unit","Param: base","Param: distribution","Param: indexType","Param: max","Param: seed"
"io.github.richardstartin.rangeindex.BuildBenchmark.build","avgt",1,5,3905.312947,40.657700,"ms/op",2,"NORMAL(100000,10)",SPECIALIZED,10000000,42
"io.github.richardstartin.rangeindex.BuildBenchmark.build:count","avgt",1,5,320.000000,NaN,"#",2,"NORMAL(100000,10)",SPECIALIZED,10000000,42
"io.github.richardstartin.rangeindex.BuildBenchmark.build:size","avgt",1,5,38563260.000000,NaN,"#",2,"NORMAL(100000,10)",SPECIALIZED,10000000,42
"io.github.richardstartin.rangeindex.BuildBenchmark.build","avgt",1,5,20212.834619,73.849272,"ms/op",2,"NORMAL(100000,10)",GENERIC,10000000,42
"io.github.richardstartin.rangeindex.BuildBenchmark.build:count","avgt",1,5,315.000000,NaN,"#",2,"NORMAL(100000,10)",GENERIC,10000000,42
"io.github.richardstartin.rangeindex.BuildBenchmark.build:size","avgt",1,5,38552430.000000,NaN,"#",2,"NORMAL(100000,10)",GENERIC,10000000,42
"io.github.richardstartin.rangeindex.BuildBenchmark.build","avgt",1,5,3710.448839,48.009378,"ms/op",2,"NORMAL(100000,10)",TRIMMED,10000000,42
"io.github.richardstartin.rangeindex.BuildBenchmark.build:count","avgt",1,5,85.000000,NaN,"#",2,"NORMAL(100000,10)",TRIMMED,10000000,42
"io.github.richardstartin.rangeindex.BuildBenchmark.build:size","avgt",1,5,38054250.000000,NaN,"#",2,"NORMAL(100000,10)",TRIMMED,10000000,42
"io.github.richardstartin.rangeindex.BuildBenchmark.build","avgt",1,5,3708.144457,54.949297,"ms/op",2,"NORMAL(100000,10)",RELATIVE,10000000,42
"io.github.richardstartin.rangeindex.BuildBenchmark.build:count","avgt",1,5,85.000000,NaN,"#",2,"NORMAL(100000,10)",RELATIVE,10000000,42
"io.github.richardstartin.rangeindex.BuildBenchmark.build:size","avgt",1,5,38054250.000000,NaN,"#",2,"NORMAL(100000,10)",RELATIVE,10000000,42
"io.github.richardstartin.rangeindex.BuildBenchmark.build","avgt",1,5,222.977482,1.118354,"ms/op",2,"NORMAL(100000,10)",BUCKETED,10000000,42
"io.github.richardstartin.rangeindex.BuildBenchmark.build:count","avgt",1,5,30.000000,NaN,"#",2,"NORMAL(100000,10)",BUCKETED,10000000,42
"io.github.richardstartin.rangeindex.BuildBenchmark.build:size","avgt",1,5,17123800.000000,NaN,"#",2,"NORMAL(100000,10)",BUCKETED,10000000,42
"io.github.richardstartin.rangeindex.BuildBenchmark.build","avgt",1,5,3853.308147,55.498232,"ms/op",2,"UNIFORM(0,100000)",SPECIALIZED,10000000,42
"io.github.richardstartin.rangeindex.BuildBenchmark.build:count","avgt",1,5,320.000000,NaN,"#",2,"UNIFORM(0,100000)",SPECIALIZED,10000000,42
"io.github.richardstartin.rangeindex.BuildBenchmark.build:size","avgt",1,5,107150690.000000,NaN,"#",2,"UNIFORM(0,100000)",SPECIALIZED,10000000,42
"io.github.richardstartin.rangeindex.BuildBenchmark.build","avgt",1,5,21601.967078,150.525005,"ms/op",2,"UNIFORM(0,100000)",GENERIC,10000000,42
"io.github.richardstartin.rangeindex.BuildBenchmark.build:count","avgt",1,5,315.000000,NaN,"#",2,"UNIFORM(0,100000)",GENERIC,10000000,42
"io.github.richardstartin.rangeindex.BuildBenchmark.build:size","avgt",1,5,107139860.000000,NaN,"#",2,"UNIFORM(0,100000)",GENERIC,10000000,42
"io.github.richardstartin.rangeindex.BuildBenchmark.build","avgt",1,5,3869.120171,47.678468,"ms/op",2,"UNIFORM(0,100000)",TRIMMED,10000000,42
"io.github.richardstartin.rangeindex.BuildBenchmark.build:count","avgt",1,5,85.000000,NaN,"#",2,"UNIFORM(0,100000)",TRIMMED,10000000,42
"io.github.richardstartin.rangeindex.BuildBenchmark.build:size","avgt",1,5,106641680.000000,NaN,"#",2,"UNIFORM(0,100000)",TRIMMED,10000000,42
"io.github.richardstartin.rangeindex.BuildBenchmark.build","avgt",1,5,3791.483080,72.840701,"ms/op",2,"UNIFORM(0,100000)",RELATIVE,10000000,42
"io.github.richardstartin.rangeindex.BuildBenchmark.build:count","avgt",1,5,85.000000,NaN,"#",2,"UNIFORM(0,100000)",RELATIVE,10000000,42
"io.github.richardstartin.rangeindex.BuildBenchmark.build:size","avgt",1,5,106641680.000000,NaN,"#",2,"UNIFORM(0,100000)",RELATIVE,10000000,42
"io.github.richardstartin.rangeindex.BuildBenchmark.build","avgt",1,5,1476.018062,188.953881,"ms/op",2,"UNIFORM(0,100000)",BUCKETED,10000000,42
"io.github.richardstartin.rangeindex.BuildBenchmark.build:count","avgt",1,5,25000.000000,NaN,"#",2,"UNIFORM(0,100000)",BUCKETED,10000000,42
"io.github.richardstartin.rangeindex.BuildBenchmark.build:size","avgt",1,5,130799920.000000,NaN,"#",2,"UNIFORM(0,100000)",BUCKETED,10000000,42
"io.github.richardstartin.rangeindex.BuildBenchmark.build","avgt",1,5,3668.085432,69.784031,"ms/op",2,"UNIFORM(1000000,1100000)",SPECIALIZED,10000000,42
"io.github.richardstartin.rangeindex.BuildBenchmark.build:count","avgt",1,5,320.000000,NaN,"#",2,"UNIFORM(1000000,1100000)",SPECIALIZED,10000000,42
"io.github.richardstartin.rangeindex.BuildBenchmark.build:size","avgt",1,5,132199530.000000,NaN,"#",2,"UNIFORM(1000000,1100000)",SPECIALIZED,10000000,42
"io.github.richardstartin.rangeindex.BuildBenchmark.build","avgt",1,5,21695.150853,101.554208,"ms/op",2,"UNIFORM(1000000,1100000)",GENERIC,10000000,42
"io.github.richardstartin.rangeindex.BuildBenchmark.build:count","avgt",1,5,315.000000,NaN,"#",2,"UNIFORM(1000000,1100000)",GENERIC,10000000,42
"io.github.richardstartin.rangeindex.BuildBenchmark.build:size","avgt",1,5,132188700.000000,NaN,"#",2,"UNIFORM(1000000,1100000)",GENERIC,10000000,42
"io.github.richardstartin.rangeindex.BuildBenchmark.build","avgt",1,5,3708.551671,66.201722,"ms/op",2,"UNIFORM(1000000,1100000)",TRIMMED,10000000,42
"io.github.richardstartin.rangeindex.BuildBenchmark.build:count","avgt",1,5,105.000000,NaN,"#",2,"UNIFORM(1000000,1100000)",TRIMMED,10000000,42
"io.github.richardstartin.rangeindex.BuildBenchmark.build:size","avgt",1,5,131733840.000000,NaN,"#",2,"UNIFORM(1000000,1100000)",TRIMMED,10000000,42
"io.github.richardstartin.rangeindex.BuildBenchmark.build","avgt",1,5,3550.155506,65.822525,"ms/op",2,"UNIFORM(1000000,1100000)",RELATIVE,10000000,42
"io.github.richardstartin.rangeindex.BuildBenchmark.build:count","avgt",1,5,105.000000,NaN,"#",2,"UNIFORM(1000000,1100000)",RELATIVE,10000000,42
"io.github.richardstartin.rangeindex.BuildBenchmark.build:size","avgt",1,5,131733840.000000,NaN,"#",2,"UNIFORM(1000000,1100000)",RELATIVE,10000000,42
"io.github.richardstartin.rangeindex.BuildBenchmark.build","avgt",1,5,1447.947110,184.833674,"ms/op",2,"UNIFORM(1000000,1100000)",BUCKETED,10000000,42
"io.github.richardstartin.rangeindex.BuildBenchmark.build:count","avgt",1,5,25000.000000,NaN,"#",2,"UNIFORM(1000000,1100000)",BUCKETED,10000000,42
"io.github.richardstartin.rangeindex.BuildBenchmark.build:size","avgt",1,5,130799920.000000,NaN,"#",2,"UNIFORM(1000000,1100000)",BUCKETED,10000000,42
"io.github.richardstartin.rangeindex.BuildBenchmark.build","avgt",1,5,3939.641242,41.907993,"ms/op",2,EXP(0.0001),SPECIALIZED,10000000,42
"io.github.richardstartin.rangeindex.BuildBenchmark.build:count","avgt",1,5,320.000000,NaN,"#",2,EXP(0.0001),SPECIALIZED,10000000,42
"io.github.richardstartin.rangeindex.BuildBenchmark.build:size","avgt",1,5,101161390.000000,NaN,"#",2,EXP(0.0001),SPECIALIZED,10000000,42
"io.github.richardstartin.rangeindex.BuildBenchmark.build","avgt",1,5,22029.090006,102.265176,"ms/op",2,EXP(0.0001),GENERIC,10000000,42
"io.github.richardstartin.rangeindex.BuildBenchmark.build:count","avgt",1,5,315.000000,NaN,"#",2,EXP(0.0001),GENERIC,10000000,42
"io.github.richardstartin.rangeindex.BuildBenchmark.build:size","avgt",1,5,101150560.000000,NaN,"#",2,EXP(0.0001),GENERIC,10000000,42
"io.github.richardstartin.rangeindex.BuildBenchmark.build","avgt",1,5,3864.170022,29.003020,"ms/op",2,EXP(0.0001),TRIMMED,10000000,42
"io.github.richardstartin.rangeindex.BuildBenchmark.build:count","avgt",1,5,90.000000,NaN,"#",2,EXP(0.0001),TRIMMED,10000000,42
"io.github.richardstartin.rangeindex.BuildBenchmark.build:size","avgt",1,5,100663210.000000,NaN,"#",2,EXP(0.0001),TRIMMED,10000000,42
"io.github.richardstartin.rangeindex.BuildBenchmark.build","avgt",1,5,3840.827845,422.779559,"ms/op",2,EXP(0.0001),RELATIVE,10000000,42
"io.github.richardstartin.rangeindex.BuildBenchmark.build:count","avgt",1,5,90.000000,NaN,"#",2,EXP(0.0001),RELATIVE,10000000,42
"io.github.richardstartin.rangeindex.BuildBenchmark.build:size","avgt",1,5,100663210.000000,NaN,"#",2,EXP(0.0001),RELATIVE,10000000,42
"io.github.richardstartin.rangeindex.BuildBenchmark.build","avgt",1,5,1114.924459,64.111787,"ms/op",2,EXP(0.0001),BUCKETED,10000000,42
"io.github.richardstartin.rangeindex.BuildBenchmark.build:count","avgt",1,5,26205.000000,NaN,"#",2,EXP(0.0001),BUCKETED,10000000,42
"io.github.richardstartin.rangeindex.BuildBenchmark.build:size","avgt",1,5,116873080.000000,NaN,"#",2,EXP(0.0001),BUCKETED,10000000,42
"io.github.richardstartin.rangeindex.BuildBenchmark.build","avgt",1,5,10864.044209,145.420940,"ms/op",4,"NORMAL(100000,10)",SPECIALIZED,10000000,42
"io.github.richardstartin.rangeindex.BuildBenchmark.build:count","avgt",1,5,480.000000,NaN,"#",4,"NORMAL(100000,10)",SPECIALIZED,10000000,42
"io.github.richardstartin.rangeindex.BuildBenchmark.build:size","avgt",1,5,56746570.000000,NaN,"#",4,"NORMAL(100000,10)",SPECIALIZED,10000000,42
"io.github.richardstartin.rangeindex.BuildBenchmark.build","avgt",1,5,14892.761245,83.082692,"ms/op",4,"NORMAL(100000,10)",GENERIC,10000000,42
"io.github.richardstartin.rangeindex.BuildBenchmark.build:count","avgt",1,5,465.000000,NaN,"#",4,"NORMAL(100000,10)",GENERIC,10000000,42
"io.github.richardstartin.rangeindex.BuildBenchmark.build:size","avgt",1,5,56714080.000000,NaN,"#",4,"NORMAL(100000,10)",GENERIC,10000000,42
"io.github.richardstartin.rangeindex.BuildBenchmark.build","avgt",1,5,10975.436800,103.674342,"ms/op",4,"NORMAL(100000,10)",TRIMMED,10000000,42
"io.github.richardstartin.rangeindex.BuildBenchmark.build:count","avgt",1,5,135.000000,NaN,"#",4,"NORMAL(100000,10)",TRIMMED,10000000,42
"io.github.richardstartin.rangeindex.BuildBenchmark.build:size","avgt",1,5,55999300.000000,NaN,"#",4,"NORMAL(100000,10)",TRIMMED,10000000,42
"io.github.richardstartin.rangeindex.BuildBenchmark.build","avgt",1,5,9683.557810,154.899815,"ms/op",4,"NORMAL(100000,10)",RELATIVE,10000000,42
"io.github.richardstartin.rangeindex.BuildBenchmark.build:count","avgt",1,5,135.000000,NaN,"#",4,"NORMAL(100000,10)",RELATIVE,10000000,42
"io.github.richardstartin.rangeindex.BuildBenchmark.build:size","avgt",1,5,55999300.000000,NaN,"#",4,"NORMAL(100000,10)",RELATIVE,10000000,42
"io.github.richardstartin.rangeindex.BuildBenchmark.build","avgt",1,5,220.104509,1.220925,"ms/op",4,"NORMAL(100000,10)",BUCKETED,10000000,42
"io.github.richardstartin.rangeindex.BuildBenchmark.build:count","avgt",1,5,30.000000,NaN,"#",4,"NORMAL(100000,10)",BUCKETED,10000000,42
"io.github.richardstartin.rangeindex.BuildBenchmark.build:size","avgt",1,5,17123800.000000,NaN,"#",4,"NORMAL(100000,10)",BUCKETED,10000000,42
"io.github.richardstartin.rangeindex.BuildBenchmark.build","avgt",1,5,9969.734383,113.555113,"ms/op",4,"UNIFORM(0,100000)",SPECIALIZED,10000000,42
"io.github.richardstartin.rangeindex.BuildBenchmark.build:count","avgt",1,5,480.000000,NaN,"#",4,"UNIFORM(0,100000)",SPECIALIZED,10000000,42
"io.github.richardstartin.rangeindex.BuildBenchmark.build:size","avgt",1,5,157594930.000000,NaN,"#",4,"UNIFORM(0,100000)",SPECIALIZED,10000000,42
"io.github.richardstartin.rangeindex.BuildBenchmark.build","avgt",1,5,15633.071151,21.095978,"ms/op",4,"UNIFORM(0,100000)",GENERIC,10000000,42
"io.github.richardstartin.rangeindex.BuildBenchmark.build:count","avgt",1,5,465.000000,NaN,"#",4,"UNIFORM(0,100000)",GENERIC,10000000,42
"io.github.richardstartin.rangeindex.BuildBenchmark.build:size","avgt",1,5,157562440.000000,NaN,"#",4,"UNIFORM(0,100000)",GENERIC,10000000,42
"io.github.richardstartin.rangeindex.BuildBenchmark.build","avgt",1,5,10373.559028,57.092275,"ms/op",4,"UNIFORM(0,100000)",TRIMMED,10000000,42
"io.github.richardstartin.rangeindex.BuildBenchmark.build:count","avgt",1,5,135.000000,NaN,"#",4,"UNIFORM(0,100000)",TRIMMED,10000000,42
"io.github.richardstartin.rangeindex.BuildBenchmark.build:size","avgt",1,5,156847660.000000,NaN,"#",4,"UNIFORM(0,100000)",TRIMMED,10000000,42
"io.github.richardstartin.rangeindex.BuildBenchmark.build","avgt",1,5,10218.201581,80.696334,"ms/op",4,"UNIFORM(0,100000)",RELATIVE,10000000,42
"io.github.richardstartin.rangeindex.BuildBenchmark.build:count","avgt",1,5,135.000000,NaN,"#",4,"UNIFORM(0,100000)",RELATIVE,10000000,42
"io.github.richardstartin.rangeindex.BuildBenchmark.build:size","avgt",1,5,156847660.000000,NaN,"#",4,"UNIFORM(0,100000)",RELATIVE,10000000,42
"io.github.richardstartin.rangeindex.BuildBenchmark.build","avgt",1,5,1491.501644,196.184431,"ms/op",4,"UNIFORM(0,100000)",BUCKETED,10000000,42
"io.github.richardstartin.rangeindex.BuildBenchmark.build:count","avgt",1,5,25000.000000,NaN,"#",4,"UNIFORM(0,100000)",BUCKETED,10000000,42
"io.github.richardstartin.rangeindex.BuildBenchmark.build:size","avgt",1,5,130799920.000000,NaN,"#",4,"UNIFORM(0,100000)",BUCKETED,10000000,42
"io.github.richardstartin.rangeindex.BuildBenchmark.build","avgt",1,5,9688.399118,272.410633,"ms/op",4,"UNIFORM(1000000,1100000)",SPECIALIZED,10000000,42
"io.github.richardstartin.rangeindex.BuildBenchmark.build:count","avgt",1,5,480.000000,NaN,"#",4,"UNIFORM(1000000,1100000)",SPECIALIZED,10000000,42
"io.github.richardstartin.rangeindex.BuildBenchmark.build:size","avgt",1,5,195168190.000000,NaN,"#",4,"UNIFORM(1000000,1100000)",SPECIALIZED,10000000,42
"io.github.richardstartin.rangeindex.BuildBenchmark.build","avgt",1,5,15598.900768,60.867847,"ms/op",4,"UNIFORM(1000000,1100000)",GENERIC,10000000,42
"io.github.richardstartin.rangeindex.BuildBenchmark.build:count","avgt",1,5,465.000000,NaN,"#",4,"UNIFORM(1000000,1100000)",GENERIC,10000000,42
"io.github.richardstartin.rangeindex.BuildBenchmark.build:size","avgt",1,5,195135700.000000,NaN,"#",4,"UNIFORM(1000000,1100000)",GENERIC,10000000,42
"io.github.richardstartin.rangeindex.BuildBenchmark.build","avgt",1,5,10098.488288,143.273811,"ms/op",4,"UNIFORM(1000000,1100000)",TRIMMED,10000000,42
"io.github.richardstartin.rangeindex.BuildBenchmark.build:count","avgt",1,5,165.000000,NaN,"#",4,"UNIFORM(1000000,1100000)",TRIMMED,10000000,42
"io.github.richardstartin.rangeindex.BuildBenchmark.build:size","avgt",1,5,194485900.000000,NaN,"#",4,"UNIFORM(1000000,1100000)",TRIMMED,10000000,42
"io.github.richardstartin.rangeindex.BuildBenchmark.build","avgt",1,5,10105.289351,158.555106,"ms/op",4,"UNIFORM(1000000,1100000)",RELATIVE,10000000,42
"io.github.richardstartin.rangeindex.BuildBenchmark.build:count","avgt",1,5,165.000000,NaN,"#",4,"UNIFORM(1000000,1100000)",RELATIVE,10000000,42
"io.github.richardstartin.rangeindex.BuildBenchmark.build:size","avgt",1,5,194485900.000000,NaN,"#",4,"UNIFORM(1000000,1100000)",RELATIVE,10000000,42
"io.github.richardstartin.rangeindex.BuildBenchmark.build","avgt",1,5,1402.448802,201.920745,"ms/op",4,"UNIFORM(1000000,1100000)",BUCKETED,10000000,42
"io.github.richardstartin.rangeindex.BuildBenchmark.build:count","avgt",1,5,25000.000000,NaN,"#",4,"UNIFORM(1000000,1100000)",BUCKETED,10000000,42
"io.github.richardstartin.rangeindex.BuildBenchmark.build:size","avgt",1,5,130799920.000000,NaN,"#",4,"UNIFORM(1000000,1100000)",BUCKETED,10000000,42
"io.github.richardstartin.rangeindex.BuildBenchmark.build","avgt",1,5,11256.957705,168.534749,"ms/op",4,EXP(0.0001),SPECIALIZED,10000000,42
"io.github.richardstartin.rangeindex.BuildBenchmark.build:count","avgt",1,5,480.000000,NaN,"#",4,EXP(0.0001),SPECIALIZED,10000000,42
"io.github.richardstartin.rangeindex.BuildBenchmark.build:size","avgt",1,5,146513460.000000,NaN,"#",4,EXP(0.0001),SPECIALIZED,10000000,42
"io.github.richardstartin.rangeindex.BuildBenchmark.build","avgt",1,5,18010.560437,56.796168,"ms/op",4,EXP(0.0001),GENERIC,10000000,42
"io.github.richardstartin.rangeindex.BuildBenchmark.build:count","avgt",1,5,465.000000,NaN,"#",4,EXP(0.0001),GENERIC,10000000,42
"io.github.richardstartin.rangeindex.BuildBenchmark.build:size","avgt",1,5,146480970.000000,NaN,"#",4,EXP(0.0001),GENERIC,10000000,42
"io.github.richardstartin.rangeindex.BuildBenchmark.build","avgt",1,5,10601.278242,254.102120,"ms/op",4,EXP(0.0001),TRIMMED,10000000,42
"io.github.richardstartin.rangeindex.BuildBenchmark.build:count","avgt",1,5,135.000000,NaN,"#",4,EXP(0.0001),TRIMMED,10000000,42
"io.github.richardstartin.rangeindex.BuildBenchmark.build:size","avgt",1,5,145766190.000000,NaN,"#",4,EXP(0.0001),TRIMMED,10000000,42
"io.github.richardstartin.rangeindex.BuildBenchmark.build","avgt",1,5,10032.213203,74.306479,"ms/op",4,EXP(0.0001),RELATIVE,10000000,42
"io.github.richardstartin.rangeindex.BuildBenchmark.build:count","avgt",1,5,135.000000,NaN,"#",4,EXP(0.0001),RELATIVE,10000000,42
"io.github.richardstartin.rangeindex.BuildBenchmark.build:size","avgt",1,5,145766190.000000,NaN,"#",4,EXP(0.0001),RELATIVE,10000000,42
"io.github.richardstartin.rangeindex.BuildBenchmark.build","avgt",1,5,1128.922091,53.092116,"ms/op",4,EXP(0.0001),BUCKETED,10000000,42
"io.github.richardstartin.rangeindex.BuildBenchmark.build:count","avgt",1,5,26205.000000,NaN,"#",4,EXP(0.0001),BUCKETED,10000000,42
"io.github.richardstartin.rangeindex.BuildBenchmark.build:size","avgt",1,5,116873080.000000,NaN,"#",4,EXP(0.0001),BUCKETED,10000000,42
"io.github.richardstartin.rangeindex.BuildBenchmark.build","avgt",1,5,11720.249962,188.042758,"ms/op",10,"NORMAL(100000,10)",SPECIALIZED,10000000,42
"io.github.richardstartin.rangeindex.BuildBenchmark.build:count","avgt",1,5,810.000000,NaN,"#",10,"NORMAL(100000,10)",SPECIALIZED,10000000,42
"io.github.richardstartin.rangeindex.BuildBenchmark.build:size","avgt",1,5,289813160.000000,NaN,"#",10,"NORMAL(100000,10)",SPECIALIZED,10000000,42
"io.github.richardstartin.rangeindex.BuildBenchmark.build","avgt",1,5,19223.808371,171.278487,"ms/op",10,"NORMAL(100000,10)",GENERIC,10000000,42
"io.github.richardstartin.rangeindex.BuildBenchmark.build:count","avgt",1,5,810.000000,NaN,"#",10,"NORMAL(100000,10)",GENERIC,10000000,42
"io.github.richardstartin.rangeindex.BuildBenchmark.build:size","avgt",1,5,289813160.000000,NaN,"#",10,"NORMAL(100000,10)",GENERIC,10000000,42
"io.github.richardstartin.rangeindex.BuildBenchmark.build","avgt",1,5,12939.323073,53.269293,"ms/op",10,"NORMAL(100000,10)",TRIMMED,10000000,42
"io.github.richardstartin.rangeindex.BuildBenchmark.build:count","avgt",1,5,225.000000,NaN,"#",10,"NORMAL(100000,10)",TRIMMED,10000000,42
"io.github.richardstartin.rangeindex.BuildBenchmark.build:size","avgt",1,5,282283840.000000,NaN,"#",10,"NORMAL(100000,10)",TRIMMED,10000000,42
"io.github.richardstartin.rangeindex.BuildBenchmark.build","avgt",1,5,13179.452337,83.472553,"ms/op",10,"NORMAL(100000,10)",RELATIVE,10000000,42
"io.github.richardstartin.rangeindex.BuildBenchmark.build:count","avgt",1,5,225.000000,NaN,"#",10,"NORMAL(100000,10)",RELATIVE,10000000,42
"io.github.richardstartin.rangeindex.BuildBenchmark.build:size","avgt",1,5,282283840.000000,NaN,"#",10,"NORMAL(100000,10)",RELATIVE,10000000,42
"io.github.richardstartin.rangeindex.BuildBenchmark.build","avgt",1,5,221.275469,0.865476,"ms/op",10,"NORMAL(100000,10)",BUCKETED,10000000,42
"io.github.richardstartin.rangeindex.BuildBenchmark.build:count","avgt",1,5,30.000000,NaN,"#",10,"NORMAL(100000,10)",BUCKETED,10000000,42
"io.github.richardstartin.rangeindex.BuildBenchmark.build:size","avgt",1,5,17123800.000000,NaN,"#",10,"NORMAL(100000,10)",BUCKETED,10000000,42
"io.github.richardstartin.rangeindex.BuildBenchmark.build","avgt",1,5,12145.852760,151.409678,"ms/op",10,"UNIFORM(0,100000)",SPECIALIZED,10000000,42
"io.github.richardstartin.rangeindex.BuildBenchmark.build:count","avgt",1,5,810.000000,NaN,"#",10,"UNIFORM(0,100000)",SPECIALIZED,10000000,42
"io.github.richardstartin.rangeindex.BuildBenchmark.build:size","avgt",1,5,283541920.000000,NaN,"#",10,"UNIFORM(0,100000)",SPECIALIZED,10000000,42
"io.github.richardstartin.rangeindex.BuildBenchmark.build","avgt",1,5,19800.272080,225.527933,"ms/op",10,"UNIFORM(0,100000)",GENERIC,10000000,42
"io.github.richardstartin.rangeindex.BuildBenchmark.build:count","avgt",1,5,810.000000,NaN,"#",10,"UNIFORM(0,100000)",GENERIC,10000000,42
"io.github.richardstartin.rangeindex.BuildBenchmark.build:size","avgt",1,5,283541920.000000,NaN,"#",10,"UNIFORM(0,100000)",GENERIC,10000000,42
"io.github.richardstartin.rangeindex.BuildBenchmark.build","avgt",1,5,13382.876845,453.948733,"ms/op",10,"UNIFORM(0,100000)",TRIMMED,10000000,42
"io.github.richardstartin.rangeindex.BuildBenchmark.build:count","avgt",1,5,180.000000,NaN,"#",10,"UNIFORM(0,100000)",TRIMMED,10000000,42
"io.github.richardstartin.rangeindex.BuildBenchmark.build:size","avgt",1,5,225819760.000000,NaN,"#",10,"UNIFORM(0,100000)",TRIMMED,10000000,42
"io.github.richardstartin.rangeindex.BuildBenchmark.build","avgt",1,5,13350.068398,84.674028,"ms/op",10,"UNIFORM(0,100000)",RELATIVE,10000000,42
"io.github.richardstartin.rangeindex.BuildBenchmark.build:count","avgt",1,5,180.000000,NaN,"#",10,"UNIFORM(0,100000)",RELATIVE,10000000,42
"io.github.richardstartin.rangeindex.BuildBenchmark.build:size","avgt",1,5,225819760.000000,NaN,"#",10,"UNIFORM(0,100000)",RELATIVE,10000000,42
"io.github.richardstartin.rangeindex.BuildBenchmark.build","avgt",1,5,1416.473698,189.334976,"ms/op",10,"UNIFORM(0,100000)",BUCKETED,10000000,42
"io.github.richardstartin.rangeindex.BuildBenchmark.build:count","avgt",1,5,25000.000000,NaN,"#",10,"UNIFORM(0,100000)",BUCKETED,10000000,42
"io.github.richardstartin.rangeindex.BuildBenchmark.build:size","avgt",1,5,130799920.000000,NaN,"#",10,"UNIFORM(0,100000)",BUCKETED,10000000,42
"io.github.richardstartin.rangeindex.BuildBenchmark.build","avgt",1,5,12348.348077,107.821368,"ms/op",10,"UNIFORM(1000000,1100000)",SPECIALIZED,10000000,42
"io.github.richardstartin.rangeindex.BuildBenchmark.build:count","avgt",1,5,810.000000,NaN,"#",10,"UNIFORM(1000000,1100000)",SPECIALIZED,10000000,42
"io.github.richardstartin.rangeindex.BuildBenchmark.build:size","avgt",1,5,283531130.000000,NaN,"#",10,"UNIFORM(1000000,1100000)",SPECIALIZED,10000000,42
"io.github.richardstartin.rangeindex.BuildBenchmark.build","avgt",1,5,19758.658646,84.389046,"ms/op",10,"UNIFORM(1000000,1100000)",GENERIC,10000000,42
"io.github.richardstartin.rangeindex.BuildBenchmark.build:count","avgt",1,5,810.000000,NaN,"#",10,"UNIFORM(1000000,1100000)",GENERIC,10000000,42
"io.github.richardstartin.rangeindex.BuildBenchmark.build:size","avgt",1,5,283531130.000000,NaN,"#",10,"UNIFORM(1000000,1100000)",GENERIC,10000000,42
"io.github.richardstartin.rangeindex.BuildBenchmark.build","avgt",1,5,13295.716751,413.927547,"ms/op",10,"UNIFORM(1000000,1100000)",TRIMMED,10000000,42
"io.github.richardstartin.rangeindex.BuildBenchmark.build:count","avgt",1,5,270.000000,NaN,"#",10,"UNIFORM(1000000,1100000)",TRIMMED,10000000,42
"io.github.richardstartin.rangeindex.BuildBenchmark.build:size","avgt",1,5,282372280.000000,NaN,"#",10,"UNIFORM(1000000,1100000)",TRIMMED,10000000,42
"io.github.richardstartin.rangeindex.BuildBenchmark.build","avgt",1,5,13267.356483,174.560249,"ms/op",10,"UNIFORM(1000000,1100000)",RELATIVE,10000000,42
"io.github.richardstartin.rangeindex.BuildBenchmark.build:count","avgt",1,5,270.000000,NaN,"#",10,"UNIFORM(1000000,1100000)",RELATIVE,10000000,42
"io.github.richardstartin.rangeindex.BuildBenchmark.build:size","avgt",1,5,282372280.000000,NaN,"#",10,"UNIFORM(1000000,1100000)",RELATIVE,10000000,42
"io.github.richardstartin.rangeindex.BuildBenchmark.build","avgt",1,5,1480.772700,191.860946,"ms/op",10,"UNIFORM(1000000,1100000)",BUCKETED,10000000,42
"io.github.richardstartin.rangeindex.BuildBenchmark.build:count","avgt",1,5,25000.000000,NaN,"#",10,"UNIFORM(1000000,1100000)",BUCKETED,10000000,42
"io.github.richardstartin.rangeindex.BuildBenchmark.build:size","avgt",1,5,130799920.000000,NaN,"#",10,"UNIFORM(1000000,1100000)",BUCKETED,10000000,42
"io.github.richardstartin.rangeindex.BuildBenchmark.build","avgt",1,5,12812.097734,168.474218,"ms/op",10,EXP(0.0001),SPECIALIZED,10000000,42
"io.github.richardstartin.rangeindex.BuildBenchmark.build:count","avgt",1,5,810.000000,NaN,"#",10,EXP(0.0001),SPECIALIZED,10000000,42
"io.github.richardstartin.rangeindex.BuildBenchmark.build:size","avgt",1,5,251612900.000000,NaN,"#",10,EXP(0.0001),SPECIALIZED,10000000,42
"io.github.richardstartin.rangeindex.BuildBenchmark.build","avgt",1,5,20201.290103,177.252376,"ms/op",10,EXP(0.0001),GENERIC,10000000,42
"io.github.richardstartin.rangeindex.BuildBenchmark.build:count","avgt",1,5,810.000000,NaN,"#",10,EXP(0.0001),GENERIC,10000000,42
"io.github.richardstartin.rangeindex.BuildBenchmark.build:size","avgt",1,5,251612900.000000,NaN,"#",10,EXP(0.0001),GENERIC,10000000,42
"io.github.richardstartin.rangeindex.BuildBenchmark.build","avgt",1,5,13772.446061,99.993869,"ms/op",10,EXP(0.0001),TRIMMED,10000000,42
"io.github.richardstartin.rangeindex.BuildBenchmark.build:count","avgt",1,5,225.000000,NaN,"#",10,EXP(0.0001),TRIMMED,10000000,42
"io.github.richardstartin.rangeindex.BuildBenchmark.build:size","avgt",1,5,250336890.000000,NaN,"#",10,EXP(0.0001),TRIMMED,10000000,42
"io.github.richardstartin.rangeindex.BuildBenchmark.build","avgt",1,5,13769.341693,204.130645,"ms/op",10,EXP(0.0001),RELATIVE,10000000,42
"io.github.richardstartin.rangeindex.BuildBenchmark.build:count","avgt",1,5,225.000000,NaN,"#",10,EXP(0.0001),RELATIVE,10000000,42
"io.github.richardstartin.rangeindex.BuildBenchmark.build:size","avgt",1,5,250336890.000000,NaN,"#",10,EXP(0.0001),RELATIVE,10000000,42
"io.github.richardstartin.rangeindex.BuildBenchmark.build","avgt",1,5,1101.213725,51.498236,"ms/op",10,EXP(0.0001),BUCKETED,10000000,42
"io.github.richardstartin.rangeindex.BuildBenchmark.build:count","avgt",1,5,26205.000000,NaN,"#",10,EXP(0.0001),BUCKETED,10000000,42
"io.github.richardstartin.rangeindex.BuildBenchmark.build:size","avgt",1,5,116873080.000000,NaN,"#",10,EXP(0.0001),BUCKETED,10000000,42
"io.github.richardstartin.rangeindex.BuildBenchmark.build","avgt",1,5,19389.507988,125.175283,"ms/op",16,"NORMAL(100000,10)",SPECIALIZED,10000000,42
"io.github.richardstartin.rangeindex.BuildBenchmark.build:count","avgt",1,5,1200.000000,NaN,"#",16,"NORMAL(100000,10)",SPECIALIZED,10000000,42
"io.github.richardstartin.rangeindex.BuildBenchmark.build:size","avgt",1,5,114460160.000000,NaN,"#",16,"NORMAL(100000,10)",SPECIALIZED,10000000,42
"io.github.richardstartin.rangeindex.BuildBenchmark.build","avgt",1,5,25456.809789,253.134671,"ms/op",16,"NORMAL(100000,10)",GENERIC,10000000,42
"io.github.richardstartin.rangeindex.BuildBenchmark.build:count","avgt",1,5,1125.000000,NaN,"#",16,"NORMAL(100000,10)",GENERIC,10000000,42
"io.github.richardstartin.rangeindex.BuildBenchmark.build:size","avgt",1,5,114297710.000000,NaN,"#",16,"NORMAL(100000,10)",GENERIC,10000000,42
"io.github.richardstartin.rangeindex.BuildBenchmark.build","avgt",1,5,19082.247849,267.706368,"ms/op",16,"NORMAL(100000,10)",TRIMMED,10000000,42
"io.github.richardstartin.rangeindex.BuildBenchmark.build:count","avgt",1,5,1035.000000,NaN,"#",16,"NORMAL(100000,10)",TRIMMED,10000000,42
"io.github.richardstartin.rangeindex.BuildBenchmark.build:size","avgt",1,5,114102770.000000,NaN,"#",16,"NORMAL(100000,10)",TRIMMED,10000000,42
"io.github.richardstartin.rangeindex.BuildBenchmark.build","avgt",1,5,18849.102177,279.893306,"ms/op",16,"NORMAL(100000,10)",RELATIVE,10000000,42
"io.github.richardstartin.rangeindex.BuildBenchmark.build:count","avgt",1,5,1035.000000,NaN,"#",16,"NORMAL(100000,10)",RELATIVE,10000000,42
"io.github.richardstartin.rangeindex.BuildBenchmark.build:size","avgt",1,5,114102770.000000,NaN,"#",16,"NORMAL(100000,10)",RELATIVE,10000000,42
"io.github.richardstartin.rangeindex.BuildBenchmark.build","avgt",1,5,228.632349,1.151476,"ms/op",16,"NORMAL(100000,10)",BUCKETED,10000000,42
"io.github.richardstartin.rangeindex.BuildBenchmark.build:count","avgt",1,5,30.000000,NaN,"#",16,"NORMAL(100000,10)",BUCKETED,10000000,42
"io.github.richardstartin.rangeindex.BuildBenchmark.build:size","avgt",1,5,17123800.000000,NaN,"#",16,"NORMAL(100000,10)",BUCKETED,10000000,42
"io.github.richardstartin.rangeindex.BuildBenchmark.build","avgt",1,5,19257.605635,121.556835,"ms/op",16,"UNIFORM(0,100000)",SPECIALIZED,10000000,42
"io.github.richardstartin.rangeindex.BuildBenchmark.build:count","avgt",1,5,1200.000000,NaN,"#",16,"UNIFORM(0,100000)",SPECIALIZED,10000000,42
"io.github.richardstartin.rangeindex.BuildBenchmark.build:size","avgt",1,5,384450630.000000,NaN,"#",16,"UNIFORM(0,100000)",SPECIALIZED,10000000,42
"io.github.richardstartin.rangeindex.BuildBenchmark.build","avgt",1,5,29943.303984,149.223126,"ms/op",16,"UNIFORM(0,100000)",GENERIC,10000000,42
"io.github.richardstartin.rangeindex.BuildBenchmark.build:count","avgt",1,5,1125.000000,NaN,"#",16,"UNIFORM(0,100000)",GENERIC,10000000,42
"io.github.richardstartin.rangeindex.BuildBenchmark.build:size","avgt",1,5,384288180.000000,NaN,"#",16,"UNIFORM(0,100000)",GENERIC,10000000,42
"io.github.richardstartin.rangeindex.BuildBenchmark.build","avgt",1,5,19670.754048,64.712951,"ms/op",16,"UNIFORM(0,100000)",TRIMMED,10000000,42
"io.github.richardstartin.rangeindex.BuildBenchmark.build:count","avgt",1,5,1035.000000,NaN,"#",16,"UNIFORM(0,100000)",TRIMMED,10000000,42
"io.github.richardstartin.rangeindex.BuildBenchmark.build:size","avgt",1,5,384093240.000000,NaN,"#",16,"UNIFORM(0,100000)",TRIMMED,10000000,42
"io.github.richardstartin.rangeindex.BuildBenchmark.build","avgt",1,5,20339.665561,264.160506,"ms/op",16,"UNIFORM(0,100000)",RELATIVE,10000000,42
"io.github.richardstartin.rangeindex.BuildBenchmark.build:count","avgt",1,5,1035.000000,NaN,"#",16,"UNIFORM(0,100000)",RELATIVE,10000000,42
"io.github.richardstartin.rangeindex.BuildBenchmark.build:size","avgt",1,5,384093240.000000,NaN,"#",16,"UNIFORM(0,100000)",RELATIVE,10000000,42
"io.github.richardstartin.rangeindex.BuildBenchmark.build","avgt",1,5,1465.244314,192.246700,"ms/op",16,"UNIFORM(0,100000)",BUCKETED,10000000,42
"io.github.richardstartin.rangeindex.BuildBenchmark.build:count","avgt",1,5,25000.000000,NaN,"#",16,"UNIFORM(0,100000)",BUCKETED,10000000,42
"io.github.richardstartin.rangeindex.BuildBenchmark.build:size","avgt",1,5,130799920.000000,NaN,"#",16,"UNIFORM(0,100000)",BUCKETED,10000000,42
"io.github.richardstartin.rangeindex.BuildBenchmark.build","avgt",1,5,18844.772920,190.995717,"ms/op",16,"UNIFORM(1000000,1100000)",SPECIALIZED,10000000,42
"io.github.richardstartin.rangeindex.BuildBenchmark.build:count","avgt",1,5,1200.000000,NaN,"#",16,"UNIFORM(1000000,1100000)",SPECIALIZED,10000000,42
"io.github.richardstartin.rangeindex.BuildBenchmark.build:size","avgt",1,5,476111260.000000,NaN,"#",16,"UNIFORM(1000000,1100000)",SPECIALIZED,10000000,42
"io.github.richardstartin.rangeindex.BuildBenchmark.build","avgt",1,5,24936.330229,50.697758,"ms/op",16,"UNIFORM(1000000,1100000)",GENERIC,10000000,42
"io.github.richardstartin.rangeindex.BuildBenchmark.build:count","avgt",1,5,1125.000000,NaN,"#",16,"UNIFORM(1000000,1100000)",GENERIC,10000000,42
"io.github.richardstartin.rangeindex.BuildBenchmark.build:size","avgt",1,5,475948810.000000,NaN,"#",16,"UNIFORM(1000000,1100000)",GENERIC,10000000,42
"io.github.richardstartin.rangeindex.BuildBenchmark.build","avgt",1,5,27119.633209,289.821730,"ms/op",16,"UNIFORM(1000000,1100000)",TRIMMED,10000000,42
"io.github.richardstartin.rangeindex.BuildBenchmark.build:count","avgt",1,5,1050.000000,NaN,"#",16,"UNIFORM(1000000,1100000)",TRIMMED,10000000,42
"io.github.richardstartin.rangeindex.BuildBenchmark.build:size","avgt",1,5,475786360.000000,NaN,"#",16,"UNIFORM(1000000,1100000)",TRIMMED,10000000,42
"io.github.richardstartin.rangeindex.BuildBenchmark.build","avgt",1,5,19324.995479,461.569919,"ms/op",16,"UNIFORM(1000000,1100000)",RELATIVE,10000000,42
"io.github.richardstartin.rangeindex.BuildBenchmark.build:count","avgt",1,5,1050.000000,NaN,"#",16,"UNIFORM(1000000,1100000)",RELATIVE,10000000,42
"io.github.richardstartin.rangeindex.BuildBenchmark.build:size","avgt",1,5,475786360.000000,NaN,"#",16,"UNIFORM(1000000,1100000)",RELATIVE,10000000,42
"io.github.richardstartin.rangeindex.BuildBenchmark.build","avgt",1,5,1492.915472,181.490362,"ms/op",16,"UNIFORM(1000000,1100000)",BUCKETED,10000000,42
"io.github.richardstartin.rangeindex.BuildBenchmark.build:count","avgt",1,5,25000.000000,NaN,"#",16,"UNIFORM(1000000,1100000)",BUCKETED,10000000,42
"io.github.richardstartin.rangeindex.BuildBenchmark.build:size","avgt",1,5,130799920.000000,NaN,"#",16,"UNIFORM(1000000,1100000)",BUCKETED,10000000,42
"io.github.richardstartin.rangeindex.BuildBenchmark.build","avgt",1,5,20115.105366,233.466582,"ms/op",16,EXP(0.0001),SPECIALIZED,10000000,42
"io.github.richardstartin.rangeindex.BuildBenchmark.build:count","avgt",1,5,1200.000000,NaN,"#",16,EXP(0.0001),SPECIALIZED,10000000,42
"io.github.richardstartin.rangeindex.BuildBenchmark.build:size","avgt",1,5,346526360.000000,NaN,"#",16,EXP(0.0001),SPECIALIZED,10000000,42
"io.github.richardstartin.rangeindex.BuildBenchmark.build","avgt",1,5,26511.885946,317.346085,"ms/op",16,EXP(0.0001),GENERIC,10000000,42
"io.github.richardstartin.rangeindex.BuildBenchmark.build:count","avgt",1,5,1125.000000,NaN,"#",16,EXP(0.0001),GENERIC,10000000,42
"io.github.richardstartin.rangeindex.BuildBenchmark.build:size","avgt",1,5,346363910.000000,NaN,"#",16,EXP(0.0001),GENERIC,10000000,42
"io.github.richardstartin.rangeindex.BuildBenchmark.build","avgt",1,5,24930.784824,191.066267,"ms/op",16,EXP(0.0001),TRIMMED,10000000,42
"io.github.richardstartin.rangeindex.BuildBenchmark.build:count","avgt",1,5,1035.000000,NaN,"#",16,EXP(0.0001),TRIMMED,10000000,42
"io.github.richardstartin.rangeindex.BuildBenchmark.build:size","avgt",1,5,346168970.000000,NaN,"#",16,EXP(0.0001),TRIMMED,10000000,42
"io.github.richardstartin.rangeindex.BuildBenchmark.build","avgt",1,5,20134.273108,163.937619,"ms/op",16,EXP(0.0001),RELATIVE,10000000,42
"io.github.richardstartin.rangeindex.BuildBenchmark.build:count","avgt",1,5,1035.000000,NaN,"#",16,EXP(0.0001),RELATIVE,10000000,42
"io.github.richardstartin.rangeindex.BuildBenchmark.build:size","avgt",1,5,346168970.000000,NaN,"#",16,EXP(0.0001),RELATIVE,10000000,42
"io.github.richardstartin.rangeindex.BuildBenchmark.build","avgt",1,5,1127.085253,58.246356,"ms/op",16,EXP(0.0001),BUCKETED,10000000,42
"io.github.richardstartin.rangeindex.BuildBenchmark.build:count","avgt",1,5,26205.000000,NaN,"#",16,EXP(0.0001),BUCKETED,10000000,42
"io.github.richardstartin.rangeindex.BuildBenchmark.build:size","avgt",1,5,116873080.000000,NaN,"#",16,EXP(0.0001),BUCKETED,10000000,42
